x,y,array_agg
2,170,[50]
2,169,[50]
3,214,[61]
3,169,[50]
4,170,[50]
4,169,[50]
5,169,[50]
5,168,[50]
6,169,[50]
6,168,[50]
7,169,[50]
7,168,[50]
8,169,[50]
8,168,[50]
9,169,[50]
9,168,[50]
9,147,[50]
9,146,[50]
10,168,[50]
10,147,[50]
10,146,[50]
11,147,[50]
11,138,[50]
11,137,[50]
12,138,[50]
12,137,[50]
13,167,[50]
13,156,[50]
13,139,[50]
13,138,[50]
13,137,[50]
14,167,[50]
14,158,[50]
14,157,[50]
14,156,[50]
14,139,[50]
14,138,[50]
14,137,[50]
15,167,[50]
15,166,[50]
15,139,[50]
15,138,[50]
16,166,[50]
16,165,[50]
16,138,[50]
16,131,[50]
16,130,[50]
17,166,[50]
17,165,[50]
17,148,[50]
17,131,[50]
17,130,[50]
18,165,[50]
18,164,[50]
18,149,[50]
18,148,[50]
18,147,[50]
18,133,[50]
18,132,[50]
18,131,[50]
18,130,[50]
18,129,[50]
18,121,[50]
18,120,[50]
19,165,[50]
19,164,[50]
19,163,[50]
19,149,[50]
19,148,[50]
19,147,[50]
19,144,[50]
19,143,[50]
19,134,[50]
19,133,[50]
19,132,[50]
19,131,[50]
19,130,[50]
19,129,[50]
19,128,[50]
19,121,[50]
19,120,[50]
19,119,[50]
20,164,[50]
20,163,[50]
20,148,[50]
20,147,[50]
20,146,[50]
20,145,[50]
20,144,[50]
20,143,[50]
20,142,[50]
20,141,[50]
20,134,[50]
20,133,[50]
20,132,[50]
20,131,[50]
20,130,[50]
20,129,[50]
20,128,[50]
20,122,[50]
20,121,[50]
20,120,[50]
20,119,[50]
21,163,[50]
21,162,[50]
21,148,[50]
21,147,[50]
21,146,[50]
21,145,[50]
21,144,[50]
21,143,[50]
21,142,[50]
21,141,[50]
21,140,[50]
21,139,[50]
21,135,[50]
21,134,[50]
21,133,[50]
21,132,[50]
21,131,[50]
21,130,[50]
21,129,[50]
21,128,[50]
21,127,[50]
21,123,[50]
21,122,[50]
21,121,[50]
21,120,[50]
21,119,[50]
21,118,[50]
22,163,[50]
22,162,[50]
22,161,[50]
22,149,[50]
22,148,[50]
22,147,[50]
22,146,[50]
22,145,[50]
22,144,[50]
22,143,[50]
22,142,[50]
22,141,[50]
22,140,[50]
22,139,[50]
22,138,[50]
22,134,[50]
22,133,[50]
22,132,[50]
22,131,[50]
22,130,[50]
22,129,[50]
22,128,[50]
22,127,[50]
22,125,[50]
22,124,[50]
22,123,[50]
22,122,[50]
22,121,[50]
22,120,[50]
22,119,[50]
22,118,[50]
23,162,[50]
23,161,[50]
23,149,[50]
23,148,[50]
23,147,[50]
23,146,[50]
23,145,[50]
23,144,[50]
23,143,[50]
23,142,[50]
23,141,[50]
23,140,[50]
23,139,[50]
23,135,[50]
23,134,[50]
23,133,[50]
23,132,[50]
23,131,[50]
23,130,[50]
23,129,[50]
23,128,[50]
23,127,[50]
23,126,[50]
23,125,[50]
23,124,[50]
23,123,[50]
23,122,[50]
23,121,[50]
23,120,[50]
23,119,[50]
23,118,[50]
23,117,[50]
23,116,[50]
24,163,[50]
24,162,[50]
24,161,[50]
24,160,[50]
24,149,[50]
24,148,[50]
24,147,[50]
24,146,[50]
24,145,[50]
24,144,[50]
24,143,[50]
24,142,[50]
24,141,[50]
24,140,[50]
24,139,[50]
24,138,[50]
24,135,[50]
24,134,[50]
24,133,[50]
24,132,[50]
24,131,[50]
24,130,[50]
24,129,[50]
24,127,[50]
24,126,[50]
24,125,[50]
24,124,[50]
24,123,[50]
24,122,[50]
24,121,[50]
24,120,[50]
24,119,[50]
24,118,[50]
24,117,[50]
24,116,[50]
24,115,[50]
24,114,[50]
25,162,[50]
25,161,[50]
25,160,[50]
25,159,[50]
25,152,[50]
25,151,[50]
25,150,[50]
25,149,[50]
25,148,[50]
25,147,[50]
25,146,[50]
25,145,[50]
25,144,[50]
25,143,[50]
25,142,[50]
25,141,[50]
25,140,[50]
25,139,[50]
25,138,[50]
25,134,[50]
25,133,[50]
25,132,[50]
25,131,[50]
25,130,[50]
25,129,[50]
25,128,[50]
25,127,[50]
25,126,[50]
25,125,[50]
25,124,[50]
25,123,[50]
25,122,[50]
25,121,[50]
25,120,[50]
25,119,[50]
25,118,[50]
25,117,[50]
25,116,[50]
25,115,[50]
25,114,[50]
25,113,[50]
26,161,[50]
26,160,[50]
26,159,[50]
26,152,[50]
26,151,[50]
26,150,[50]
26,149,[50]
26,148,[50]
26,147,[50]
26,146,[50]
26,145,[50]
26,144,[50]
26,143,[50]
26,142,[50]
26,141,[50]
26,140,[50]
26,139,[50]
26,138,[50]
26,137,[50]
26,135,[50]
26,134,[50]
26,133,[50]
26,132,[50]
26,131,[50]
26,130,[50]
26,129,[50]
26,128,[50]
26,127,[50]
26,126,[50]
26,125,[50]
26,124,[50]
26,123,[50]
26,122,[50]
26,121,[50]
26,120,[50]
26,119,[50]
26,118,[50]
26,117,[50]
26,116,[50]
26,115,[50]
26,114,[50]
26,113,[50]
27,161,[50]
27,160,[50]
27,159,[50]
27,158,[50]
27,152,[50]
27,151,[50]
27,150,[50]
27,149,[50]
27,148,[50]
27,147,[50]
27,146,[50]
27,145,[50]
27,144,[50]
27,143,[50]
27,142,[50]
27,141,[50]
27,140,[50]
27,139,[50]
27,138,[50]
27,137,[50]
27,136,[50]
27,135,[50]
27,134,[50]
27,133,[50]
27,132,[50]
27,131,[50]
27,130,[50]
27,129,[50]
27,128,[50]
27,127,[50]
27,126,[50]
27,125,[50]
27,124,[50]
27,123,[50]
27,122,[50]
27,121,[50]
27,120,[50]
27,119,[50]
27,118,[50]
27,117,[50]
27,116,[50]
27,115,[50]
27,114,[50]
27,113,[50]
27,112,[50]
28,224,[61]
28,223,[61]
28,162,[50]
28,161,[50]
28,160,[50]
28,159,[50]
28,158,[50]
28,157,[50]
28,151,[50]
28,150,[50]
28,149,[50]
28,148,[50]
28,147,[50]
28,146,[50]
28,145,[50]
28,144,[50]
28,143,[50]
28,142,[50]
28,141,[50]
28,140,[50]
28,139,[50]
28,138,[50]
28,137,[50]
28,136,[50]
28,135,[50]
28,134,[50]
28,133,[50]
28,132,[50]
28,131,[50]
28,130,[50]
28,129,[50]
28,128,[50]
28,127,[50]
28,126,[50]
28,125,[50]
28,124,[50]
28,123,[50]
28,122,[50]
28,121,[50]
28,120,[50]
28,119,[50]
28,118,[50]
28,117,[50]
28,116,[50]
28,115,[50]
28,114,[50]
28,113,[50]
28,112,[50]
28,111,[50]
29,224,[61]
29,223,[61]
29,162,[50]
29,161,[50]
29,160,[50]
29,159,[50]
29,158,[50]
29,157,[50]
29,153,[50]
29,152,[50]
29,151,[50]
29,150,[50]
29,149,[50]
29,148,[50]
29,147,[50]
29,146,[50]
29,145,[50]
29,144,[50]
29,143,[50]
29,142,[50]
29,141,[50]
29,140,[50]
29,139,[50]
29,138,[50]
29,137,[50]
29,136,[50]
29,135,[50]
29,134,[50]
29,133,[50]
29,132,[50]
29,131,[50]
29,130,[50]
29,129,[50]
29,128,[50]
29,127,[50]
29,126,[50]
29,125,[50]
29,124,[50]
29,123,[50]
29,122,[50]
29,121,[50]
29,120,[50]
29,119,[50]
29,118,[50]
29,117,[50]
29,116,[50]
29,115,[50]
29,114,[50]
29,113,[50]
29,112,[50]
29,111,[50]
29,110,[50]
30,224,[61]
30,159,[50]
30,158,[50]
30,157,[50]
30,156,[50]
30,155,[50]
30,153,[50]
30,152,[50]
30,151,[50]
30,150,[50]
30,149,[50]
30,148,[50]
30,147,[50]
30,146,[50]
30,145,[50]
30,144,[50]
30,143,[50]
30,142,[50]
30,141,[50]
30,140,[50]
30,139,[50]
30,138,[50]
30,137,[50]
30,136,[50]
30,135,[50]
30,134,[50]
30,133,[50]
30,132,[50]
30,131,[50]
30,130,[50]
30,129,[50]
30,128,[50]
30,127,[50]
30,126,[50]
30,125,[50]
30,124,[50]
30,123,[50]
30,122,[50]
30,121,[50]
30,120,[50]
30,119,[50]
30,118,[50]
30,117,[50]
30,116,[50]
30,115,[50]
30,114,[50]
30,113,[50]
30,112,[50]
30,111,[50]
31,225,[61]
31,224,[61]
31,158,[50]
31,157,[50]
31,156,[50]
31,155,[50]
31,154,[50]
31,153,[50]
31,152,[50]
31,151,[50]
31,150,[50]
31,149,[50]
31,148,[50]
31,147,[50]
31,146,[50]
31,145,[50]
31,144,[50]
31,143,[50]
31,142,[50]
31,141,[50]
31,140,[50]
31,139,[50]
31,138,[50]
31,137,[50]
31,136,[50]
31,135,[50]
31,134,[50]
31,133,[50]
31,132,[50]
31,131,[50]
31,130,[50]
31,129,[50]
31,128,[50]
31,127,[50]
31,126,[50]
31,125,[50]
31,124,[50]
31,123,[50]
31,122,[50]
31,121,[50]
31,120,[50]
31,119,[50]
31,118,[50]
31,117,[50]
31,116,[50]
31,115,[50]
31,114,[50]
31,113,[50]
31,112,[50]
31,111,[50]
31,110,[50]
32,225,[61]
32,157,[50]
32,156,[50]
32,155,[50]
32,154,[50]
32,153,[50]
32,152,[50]
32,151,[50]
32,150,[50]
32,149,[50]
32,148,[50]
32,147,[50]
32,146,[50]
32,145,[50]
32,144,[50]
32,143,[50]
32,142,[50]
32,141,[50]
32,140,[50]
32,139,[50]
32,138,[50]
32,137,[50]
32,136,[50]
32,135,[50]
32,134,[50]
32,133,[50]
32,132,[50]
32,131,[50]
32,130,[50]
32,129,[50]
32,128,[50]
32,127,[50]
32,126,[50]
32,125,[50]
32,124,[50]
32,123,[50]
32,122,[50]
32,121,[50]
32,120,[50]
32,119,[50]
32,118,[50]
32,117,[50]
32,116,[50]
32,115,[50]
32,114,[50]
32,113,[50]
32,112,[50]
32,111,[50]
32,110,[50]
32,109,[50]
32,108,[50]
33,226,[61]
33,225,[61]
33,156,[50]
33,155,[50]
33,154,[50]
33,153,[50]
33,152,[50]
33,151,[50]
33,150,[50]
33,149,[50]
33,148,[50]
33,147,[50]
33,146,[50]
33,145,[50]
33,144,[50]
33,143,[50]
33,142,[50]
33,141,[50]
33,140,[50]
33,139,[50]
33,138,[50]
33,137,[50]
33,136,[50]
33,135,[50]
33,134,[50]
33,133,[50]
33,132,[50]
33,131,[50]
33,130,[50]
33,129,[50]
33,128,[50]
33,127,[50]
33,126,[50]
33,125,[50]
33,124,[50]
33,123,[50]
33,122,[50]
33,121,[50]
33,120,[50]
33,119,[50]
33,118,[50]
33,117,[50]
33,116,[50]
33,115,[50]
33,114,[50]
33,113,[50]
33,112,[50]
33,111,[50]
33,110,[50]
33,109,[50]
33,108,[50]
34,228,[61]
34,227,[61]
34,226,[61]
34,225,[61]
34,159,[50]
34,155,[50]
34,154,[50]
34,153,[50]
34,152,[50]
34,151,[50]
34,150,[50]
34,149,[50]
34,148,[50]
34,147,[50]
34,146,[50]
34,145,[50]
34,144,[50]
34,143,[50]
34,142,[50]
34,141,[50]
34,140,[50]
34,139,[50]
34,138,[50]
34,137,[50]
34,136,[50]
34,135,[50]
34,134,[50]
34,133,[50]
34,132,[50]
34,131,[50]
34,130,[50]
34,129,[50]
34,128,[50]
34,127,[50]
34,126,[50]
34,125,[50]
34,124,[50]
34,123,[50]
34,122,[50]
34,121,[50]
34,120,[50]
34,119,[50]
34,118,[50]
34,117,[50]
34,116,[50]
34,115,[50]
34,114,[50]
34,113,[50]
34,112,[50]
34,111,[50]
34,110,[50]
34,109,[50]
35,228,[61]
35,227,[61]
35,226,[61]
35,158,[50]
35,156,[50]
35,155,[50]
35,154,[50]
35,153,[50]
35,152,[50]
35,151,[50]
35,150,[50]
35,149,[50]
35,148,[50]
35,147,[50]
35,146,[50]
35,145,[50]
35,144,[50]
35,143,[50]
35,142,[50]
35,141,[50]
35,140,[50]
35,139,[50]
35,138,[50]
35,137,[50]
35,136,[50]
35,135,[50]
35,134,[50]
35,133,[50]
35,132,[50]
35,131,[50]
35,130,[50]
35,129,[50]
35,128,[50]
35,127,[50]
35,126,[50]
35,125,[50]
35,124,[50]
35,123,[50]
35,122,[50]
35,121,[50]
35,120,[50]
35,119,[50]
35,118,[50]
35,117,[50]
35,116,[50]
35,115,[50]
35,114,[50]
35,113,[50]
35,112,[50]
35,111,[50]
35,110,[50]
35,109,[50]
36,158,[50]
36,157,[50]
36,156,[50]
36,155,[50]
36,154,[50]
36,153,[50]
36,152,[50]
36,151,[50]
36,150,[50]
36,149,[50]
36,148,[50]
36,147,[50]
36,146,[50]
36,145,[50]
36,144,[50]
36,143,[50]
36,142,[50]
36,141,[50]
36,140,[50]
36,139,[50]
36,138,[50]
36,137,[50]
36,136,[50]
36,135,[50]
36,134,[50]
36,133,[50]
36,132,[50]
36,131,[50]
36,130,[50]
36,129,[50]
36,128,[50]
36,127,[50]
36,126,[50]
36,125,[50]
36,124,[50]
36,123,[50]
36,122,[50]
36,121,[50]
36,120,[50]
36,119,[50]
36,118,[50]
36,117,[50]
36,116,[50]
36,115,[50]
36,114,[50]
36,113,[50]
36,112,[50]
36,111,[50]
36,110,[50]
37,157,[50]
37,156,[50]
37,155,[50]
37,154,[50]
37,153,[50]
37,152,[50]
37,151,[50]
37,150,[50]
37,149,[50]
37,148,[50]
37,147,[50]
37,146,[50]
37,145,[50]
37,144,[50]
37,143,[50]
37,142,[50]
37,141,[50]
37,140,[50]
37,139,[50]
37,138,[50]
37,137,[50]
37,136,[50]
37,135,[50]
37,134,[50]
37,133,[50]
37,132,[50]
37,131,[50]
37,130,[50]
37,129,[50]
37,128,[50]
37,127,[50]
37,126,[50]
37,125,[50]
37,124,[50]
37,123,[50]
37,122,[50]
37,121,[50]
37,120,[50]
37,119,[50]
37,118,[50]
37,117,[50]
37,116,[50]
37,115,[50]
37,114,[50]
37,113,[50]
37,112,[50]
37,111,[50]
37,110,[50]
38,156,[50]
38,155,[50]
38,154,[50]
38,153,[50]
38,152,[50]
38,149,[50]
38,148,[50]
38,147,[50]
38,146,[50]
38,145,[50]
38,144,[50]
38,143,[50]
38,142,[50]
38,141,[50]
38,140,[50]
38,139,[50]
38,138,[50]
38,137,[50]
38,136,[50]
38,135,[50]
38,134,[50]
38,133,[50]
38,132,[50]
38,131,[50]
38,130,[50]
38,129,[50]
38,128,[50]
38,127,[50]
38,126,[50]
38,125,[50]
38,124,[50]
38,123,[50]
38,122,[50]
38,121,[50]
38,120,[50]
38,119,[50]
38,118,[50]
38,117,[50]
38,116,[50]
38,115,[50]
38,114,[50]
38,113,[50]
38,112,[50]
38,111,[50]
38,110,[50]
39,155,[50]
39,154,[50]
39,153,[50]
39,152,[50]
39,150,[50]
39,147,[50]
39,146,[50]
39,145,[50]
39,144,[50]
39,143,[50]
39,142,[50]
39,141,[50]
39,140,[50]
39,139,[50]
39,138,[50]
39,137,[50]
39,136,[50]
39,135,[50]
39,134,[50]
39,133,[50]
39,132,[50]
39,131,[50]
39,130,[50]
39,129,[50]
39,128,[50]
39,127,[50]
39,126,[50]
39,125,[50]
39,124,[50]
39,123,[50]
39,122,[50]
39,121,[50]
39,120,[50]
39,119,[50]
39,118,[50]
39,117,[50]
39,116,[50]
39,115,[50]
39,114,[50]
39,113,[50]
39,112,[50]
39,111,[50]
39,110,[50]
40,150,[50]
40,149,[50]
40,148,[50]
40,147,[50]
40,146,[50]
40,145,[50]
40,144,[50]
40,143,[50]
40,142,[50]
40,141,[50]
40,140,[50]
40,139,[50]
40,138,[50]
40,137,[50]
40,136,[50]
40,135,[50]
40,134,[50]
40,133,[50]
40,132,[50]
40,131,[50]
40,130,[50]
40,129,[50]
40,128,[50]
40,127,[50]
40,126,[50]
40,125,[50]
40,124,[50]
40,123,[50]
40,122,[50]
40,121,[50]
40,120,[50]
40,119,[50]
40,118,[50]
40,117,[50]
40,116,[50]
40,115,[50]
40,114,[50]
40,113,[50]
40,112,[50]
41,150,[50]
41,149,[50]
41,148,[50]
41,147,[50]
41,146,[50]
41,145,[50]
41,144,[50]
41,143,[50]
41,142,[50]
41,141,[50]
41,140,[50]
41,139,[50]
41,138,[50]
41,137,[50]
41,136,[50]
41,135,[50]
41,134,[50]
41,133,[50]
41,132,[50]
41,131,[50]
41,130,[50]
41,129,[50]
41,128,[50]
41,127,[50]
41,126,[50]
41,125,[50]
41,124,[50]
41,123,[50]
41,122,[50]
41,121,[50]
41,120,[50]
41,119,[50]
41,118,[50]
41,117,[50]
41,116,[50]
41,115,[50]
41,114,[50]
41,113,[50]
41,112,[50]
42,149,[50]
42,148,[50]
42,147,[50]
42,146,[50]
42,145,[50]
42,144,[50]
42,143,[50]
42,142,[50]
42,141,[50]
42,140,[50]
42,139,[50]
42,138,[50]
42,137,[50]
42,136,[50]
42,135,[50]
42,134,[50]
42,133,[50]
42,132,[50]
42,131,[50]
42,130,[50]
42,129,[50]
42,128,[50]
42,127,[50]
42,126,[50]
42,125,[50]
42,124,[50]
42,123,[50]
42,122,[50]
42,121,[50]
42,120,[50]
42,119,[50]
42,118,[50]
42,117,[50]
42,116,[50]
42,115,[50]
42,114,[50]
42,113,[50]
42,112,[50]
43,149,[50]
43,148,[50]
43,147,[50]
43,146,[50]
43,145,[50]
43,144,[50]
43,143,[50]
43,142,[50]
43,141,[50]
43,140,[50]
43,139,[50]
43,138,[50]
43,137,[50]
43,136,[50]
43,135,[50]
43,134,[50]
43,133,[50]
43,132,[50]
43,131,[50]
43,130,[50]
43,129,[50]
43,128,[50]
43,127,[50]
43,126,[50]
43,125,[50]
43,124,[50]
43,123,[50]
43,122,[50]
43,121,[50]
43,120,[50]
43,119,[50]
43,118,[50]
43,117,[50]
43,116,[50]
43,115,[50]
43,114,[50]
43,113,[50]
43,112,[50]
44,148,[50]
44,147,[50]
44,146,[50]
44,145,[50]
44,144,[50]
44,143,[50]
44,142,[50]
44,141,[50]
44,140,[50]
44,139,[50]
44,138,[50]
44,137,[50]
44,136,[50]
44,135,[50]
44,134,[50]
44,133,[50]
44,132,[50]
44,131,[50]
44,130,[50]
44,129,[50]
44,128,[50]
44,127,[50]
44,126,[50]
44,125,[50]
44,124,[50]
44,123,[50]
44,122,[50]
44,121,[50]
44,120,[50]
44,119,[50]
44,118,[50]
44,117,[50]
44,116,[50]
44,115,[50]
44,114,[50]
44,113,[50]
44,112,[50]
45,149,[50]
45,148,[50]
45,147,[50]
45,146,[50]
45,145,[50]
45,144,[50]
45,143,[50]
45,142,[50]
45,141,[50]
45,140,[50]
45,139,[50]
45,138,[50]
45,137,[50]
45,136,[50]
45,135,[50]
45,134,[50]
45,133,[50]
45,132,[50]
45,131,[50]
45,130,[50]
45,129,[50]
45,128,[50]
45,127,[50]
45,126,[50]
45,125,[50]
45,124,[50]
45,123,[50]
45,122,[50]
45,121,[50]
45,120,[50]
45,119,[50]
45,118,[50]
45,117,[50]
45,116,[50]
45,115,[50]
45,114,[50]
45,113,[50]
46,149,[50]
46,148,[50]
46,147,[50]
46,146,[50]
46,145,[50]
46,144,[50]
46,143,[50]
46,142,[50]
46,141,[50]
46,140,[50]
46,139,[50]
46,138,[50]
46,137,[50]
46,136,[50]
46,135,[50]
46,134,[50]
46,133,[50]
46,132,[50]
46,131,[50]
46,130,[50]
46,129,[50]
46,128,[50]
46,127,[50]
46,126,[50]
46,125,[50]
46,124,[50]
46,123,[50]
46,122,[50]
46,121,[50]
46,120,[50]
46,119,[50]
46,118,[50]
46,117,[50]
46,116,[50]
46,115,[50]
46,114,[50]
46,113,[50]
47,147,[50]
47,146,[50]
47,145,[50]
47,144,[50]
47,143,[50]
47,142,[50]
47,141,[50]
47,140,[50]
47,139,[50]
47,138,[50]
47,137,[50]
47,136,[50]
47,135,[50]
47,134,[50]
47,133,[50]
47,132,[50]
47,131,[50]
47,130,[50]
47,129,[50]
47,128,[50]
47,127,[50]
47,126,[50]
47,125,[50]
47,124,[50]
47,123,[50]
47,122,[50]
47,121,[50]
47,120,[50]
47,119,[50]
47,118,[50]
47,117,[50]
47,116,[50]
47,115,[50]
47,114,[50]
47,113,[50]
48,147,[50]
48,146,[50]
48,145,[50]
48,144,[50]
48,143,[50]
48,142,[50]
48,141,[50]
48,140,[50]
48,139,[50]
48,138,[50]
48,137,[50]
48,136,[50]
48,135,[50]
48,134,[50]
48,133,[50]
48,132,[50]
48,131,[50]
48,130,[50]
48,129,[50]
48,128,[50]
48,127,[50]
48,126,[50]
48,125,[50]
48,124,[50]
48,123,[50]
48,122,[50]
48,121,[50]
48,120,[50]
48,119,[50]
48,118,[50]
48,117,[50]
48,116,[50]
48,115,[50]
48,114,[50]
48,113,[50]
49,147,[50]
49,146,[50]
49,145,[50]
49,144,[50]
49,143,[50]
49,142,[50]
49,141,[50]
49,140,[50]
49,139,[50]
49,138,[50]
49,137,[50]
49,136,[50]
49,135,[50]
49,134,[50]
49,133,[50]
49,132,[50]
49,131,[50]
49,130,[50]
49,129,[50]
49,128,[50]
49,127,[50]
49,126,[50]
49,125,[50]
49,124,[50]
49,123,[50]
49,122,[50]
49,121,[50]
49,120,[50]
49,119,[50]
49,118,[50]
49,117,[50]
49,116,[50]
49,115,[50]
49,114,[50]
50,149,[50]
50,148,[50]
50,147,[50]
50,146,[50]
50,145,[50]
50,144,[50]
50,143,[50]
50,142,[50]
50,141,[50]
50,140,[50]
50,139,[50]
50,138,[50]
50,137,[50]
50,136,[50]
50,135,[50]
50,134,[50]
50,133,[50]
50,132,[50]
50,131,[50]
50,130,[50]
50,129,[50]
50,128,[50]
50,127,[50]
50,126,[50]
50,125,[50]
50,124,[50]
50,123,[50]
50,122,[50]
50,121,[50]
50,120,[50]
50,119,[50]
50,118,[50]
50,117,[50]
50,116,[50]
50,115,[50]
50,114,[50]
51,148,[50]
51,147,[50]
51,146,[50]
51,145,[50]
51,144,[50]
51,143,[50]
51,142,[50]
51,141,[50]
51,140,[50]
51,139,[50]
51,138,[50]
51,137,[50]
51,136,[50]
51,135,[50]
51,134,[50]
51,133,[50]
51,132,[50]
51,131,[50]
51,130,[50]
51,129,[50]
51,128,[50]
51,127,[50]
51,126,[50]
51,125,[50]
51,124,[50]
51,123,[50]
51,122,[50]
51,121,[50]
51,120,[50]
51,119,[50]
51,118,[50]
51,117,[50]
51,116,[50]
51,115,[50]
51,114,[50]
52,148,[50]
52,147,[50]
52,146,[50]
52,145,[50]
52,144,[50]
52,143,[50]
52,142,[50]
52,141,[50]
52,140,[50]
52,139,[50]
52,138,[50]
52,137,[50]
52,136,[50]
52,135,[50]
52,134,[50]
52,133,[50]
52,132,[50]
52,131,[50]
52,130,[50]
52,129,[50]
52,128,[50]
52,127,[50]
52,126,[50]
52,125,[50]
52,124,[50]
52,123,[50]
52,122,[50]
52,121,[50]
52,120,[50]
52,119,[50]
52,118,[50]
52,117,[50]
52,116,[50]
52,115,[50]
52,114,[50]
53,148,[50]
53,147,[50]
53,146,[50]
53,145,[50]
53,144,[50]
53,143,[50]
53,142,[50]
53,141,[50]
53,140,[50]
53,139,[50]
53,138,[50]
53,137,[50]
53,136,[50]
53,135,[50]
53,134,[50]
53,133,[50]
53,132,[50]
53,131,[50]
53,130,[50]
53,129,[50]
53,128,[50]
53,127,[50]
53,126,[50]
53,125,[50]
53,124,[50]
53,123,[50]
53,122,[50]
53,121,[50]
53,120,[50]
53,119,[50]
53,118,[50]
53,117,[50]
53,116,[50]
53,115,[50]
53,114,[50]
54,149,[50]
54,148,[50]
54,147,[50]
54,146,[50]
54,145,[50]
54,144,[50]
54,143,[50]
54,142,[50]
54,141,[50]
54,140,[50]
54,139,[50]
54,138,[50]
54,137,[50]
54,136,[50]
54,135,[50]
54,134,[50]
54,133,[50]
54,132,[50]
54,131,[50]
54,130,[50]
54,129,[50]
54,128,[50]
54,127,[50]
54,126,[50]
54,125,[50]
54,124,[50]
54,123,[50]
54,122,[50]
54,121,[50]
54,120,[50]
54,119,[50]
54,118,[50]
54,117,[50]
54,116,[50]
54,115,[50]
55,149,[50]
55,148,[50]
55,147,[50]
55,146,[50]
55,145,[50]
55,144,[50]
55,143,[50]
55,142,[50]
55,141,[50]
55,140,[50]
55,139,[50]
55,138,[50]
55,137,[50]
55,136,[50]
55,135,[50]
55,134,[50]
55,133,[50]
55,132,[50]
55,131,[50]
55,130,[50]
55,129,[50]
55,128,[50]
55,127,[50]
55,126,[50]
55,125,[50]
55,124,[50]
55,123,[50]
55,122,[50]
55,121,[50]
55,120,[50]
55,119,[50]
55,118,[50]
55,117,[50]
55,116,[50]
55,115,[50]
56,149,[50]
56,148,[50]
56,147,[50]
57,150,[50]
57,149,[50]
57,148,[50]
57,147,[50]
58,151,[50]
58,150,[50]
58,149,[50]
58,148,[50]
58,147,[50]
59,152,[50]
59,151,[50]
59,150,[50]
59,149,[50]
60,153,[50]
60,152,[50]
60,151,[50]
60,150,[50]
61,154,[50]
61,153,[50]
61,152,[50]
61,151,[50]
61,150,[50]
62,156,[50]
62,155,[50]
62,154,[50]
62,153,[50]
62,152,[50]
62,151,[50]
62,150,[50]
62,149,[50]
63,157,[50]
63,156,[50]
63,155,[50]
63,154,[50]
63,153,[50]
63,152,[50]
63,151,[50]
63,150,[50]
63,149,[50]
64,158,[50]
64,157,[50]
64,156,[50]
64,155,[50]
64,154,[50]
64,153,[50]
64,152,[50]
64,151,[50]
64,150,[50]
65,161,[50]
65,160,[50]
65,159,[50]
65,158,[50]
65,157,[50]
65,156,[50]
65,155,[50]
65,154,[50]
65,153,[50]
65,152,[50]
65,151,[50]
66,162,[50]
66,161,[50]
66,160,[50]
66,159,[50]
66,158,[50]
66,157,[50]
66,156,[50]
66,155,[50]
66,154,[50]
66,153,[50]
66,152,[50]
67,162,[50]
67,161,[50]
67,160,[50]
67,159,[50]
67,158,[50]
67,157,[50]
67,156,[50]
67,155,[50]
67,154,[50]
68,162,[50]
68,161,[50]
68,160,[50]
68,159,[50]
68,158,[50]
68,157,[50]
68,156,[50]
69,162,[50]
69,161,[50]
69,160,[50]
69,159,[50]
69,158,[50]
69,157,[50]
70,162,[50]
70,161,[50]
70,160,[50]
70,159,[50]
70,158,[50]
71,161,[50]
71,160,[50]
71,159,[50]
78,188,[87]
78,178,[97]
78,177,[97]
79,195,[54]
79,194,[54]
79,193,[54]
79,192,[54]
79,191,[54]
79,190,[87]
79,190,[54]
79,189,[87]
79,188,[87]
79,187,[87]
79,186,[87]
79,185,[87]
79,184,[87]
79,183,[87]
79,182,[87]
79,181,[97]
79,181,[87]
79,180,[97]
79,179,[97]
79,178,[97]
79,177,[97]
80,196,[54]
80,195,[54]
80,194,[54]
80,193,[54]
80,192,[54]
80,191,[54]
80,190,[87]
80,190,[54]
80,189,[87]
80,188,[87]
80,187,[87]
80,186,[87]
80,185,[87]
80,184,[87]
80,183,[87]
80,182,[87]
80,181,[97]
80,181,[87]
80,180,[97]
80,179,[97]
80,178,[97]
80,177,[97]
80,176,[97]
80,175,[97]
81,199,[54]
81,198,[54]
81,197,[54]
81,196,[54]
81,195,[54]
81,194,[54]
81,193,[54]
81,192,[54]
81,191,[54]
81,190,[87]
81,190,[54]
81,189,[87]
81,188,[87]
81,187,[87]
81,186,[87]
81,185,[87]
81,184,[87]
81,183,[87]
81,182,[97]
81,182,[87]
81,181,[97]
81,181,[87]
81,180,[97]
81,179,[97]
81,178,[97]
81,177,[97]
81,176,[97]
81,175,[97]
82,200,[54]
82,199,[54]
82,198,[54]
82,197,[54]
82,196,[54]
82,195,[54]
82,194,[54]
82,193,[54]
82,192,[54]
82,191,[54]
82,190,[87]
82,190,[54]
82,189,[87]
82,188,[87]
82,187,[87]
82,186,[87]
82,185,[87]
82,184,[87]
82,183,[87]
82,182,[97]
82,182,[87]
82,181,[97]
82,180,[97]
82,179,[97]
82,178,[97]
82,177,[97]
82,176,[97]
82,175,[97]
83,202,[54]
83,201,[54]
83,200,[54]
83,199,[54]
83,198,[54]
83,197,[54]
83,196,[54]
83,195,[54]
83,194,[54]
83,193,[54]
83,192,[54]
83,191,[54]
83,190,[87]
83,190,[54]
83,189,[87]
83,188,[87]
83,187,[87]
83,186,[87]
83,185,[87]
83,184,[87]
83,183,[87]
83,182,[97]
83,182,[87]
83,181,[97]
83,180,[97]
83,179,[97]
83,178,[97]
83,177,[97]
83,176,[97]
83,175,[97]
84,204,[54]
84,203,[54]
84,202,[54]
84,201,[54]
84,200,[54]
84,199,[54]
84,198,[54]
84,197,[54]
84,196,[54]
84,195,[54]
84,194,[54]
84,193,[54]
84,192,[54]
84,191,[54]
84,190,[87]
84,190,[54]
84,189,[87]
84,188,[87]
84,187,[87]
84,186,[87]
84,185,[87]
84,184,[87]
84,183,[87]
84,182,[97]
84,182,[87]
84,181,[97]
84,180,[97]
84,179,[97]
84,178,[97]
84,177,[97]
84,176,[97]
84,175,[97]
85,205,[54]
85,204,[54]
85,203,[54]
85,202,[54]
85,201,[54]
85,200,[54]
85,199,[54]
85,198,[54]
85,197,[54]
85,196,[54]
85,196,[83]
85,195,[54]
85,195,[83]
85,194,[54]
85,194,[83]
85,193,[54]
85,193,[83]
85,192,[54]
85,192,[83]
85,191,[54]
85,191,[83]
85,190,[87]
85,190,[54]
85,190,[83]
85,189,[87]
85,188,[87]
85,187,[87]
85,186,[87]
85,185,[87]
85,184,[87]
85,183,[87]
85,182,[97]
85,182,[87]
85,181,[97]
85,180,[97]
85,179,[97]
85,178,[97]
85,177,[97]
85,176,[97]
85,175,[97]
86,205,[54]
86,204,[54]
86,203,[54]
86,202,[54]
86,201,[54]
86,200,[54]
86,199,[54]
86,198,[54]
86,197,[54]
86,197,[83]
86,196,[54]
86,196,[83]
86,195,[83]
86,194,[83]
86,193,[83]
86,192,[83]
86,191,[83]
86,190,[87]
86,190,[83]
86,189,[87]
86,188,[87]
86,187,[87]
86,186,[87]
86,185,[87]
86,184,[87]
86,183,[87]
86,182,[97]
86,182,[87]
86,181,[97]
86,180,[97]
86,179,[97]
86,178,[97]
86,177,[97]
86,176,[97]
86,175,[97]
87,206,[54]
87,205,[54]
87,204,[54]
87,203,[54]
87,202,[54]
87,201,[54]
87,200,[54]
87,199,[54]
87,198,[54]
87,198,[83]
87,197,[54]
87,197,[83]
87,196,[83]
87,195,[83]
87,194,[83]
87,193,[83]
87,192,[83]
87,191,[83]
87,190,[87]
87,190,[83]
87,189,[87]
87,188,[87]
87,187,[87]
87,186,[87]
87,185,[87]
87,184,[87]
87,183,[87]
87,182,[97]
87,182,[87]
87,181,[97]
87,180,[97]
87,179,[97]
87,178,[97]
87,177,[97]
87,176,[97]
87,175,[97]
88,205,[54]
88,204,[54]
88,203,[54]
88,202,[54]
88,201,[54]
88,200,[54]
88,199,[54]
88,198,[54]
88,198,[83]
88,197,[83]
88,196,[83]
88,195,[83]
88,194,[83]
88,193,[83]
88,192,[83]
88,191,[83]
88,190,[87]
88,190,[83]
88,189,[87]
88,188,[87]
88,187,[87]
88,186,[87]
88,185,[87]
88,184,[87]
88,183,[87]
88,182,[97]
88,182,[87]
88,181,[97]
88,180,[97]
88,179,[97]
88,178,[97]
88,177,[97]
88,176,[97]
88,175,[97]
89,207,[54]
89,206,[54]
89,205,[54]
89,204,[54]
89,203,[54]
89,202,[54]
89,201,[54]
89,200,[54]
89,199,[54]
89,199,[83]
89,198,[54]
89,198,[83]
89,197,[83]
89,196,[83]
89,195,[83]
89,194,[83]
89,193,[83]
89,192,[83]
89,191,[83]
89,190,[87]
89,190,[83]
89,190,[63]
89,189,[87]
89,189,[63]
89,188,[87]
89,188,[63]
89,187,[87]
89,187,[63]
89,186,[87]
89,186,[63]
89,185,[87]
89,185,[63]
89,184,[87]
89,184,[63]
89,183,[87]
89,183,[63]
89,182,[97]
89,182,[87]
89,182,[63]
89,181,[97]
89,181,[63]
89,180,[97]
89,180,[63]
89,179,[97]
89,179,[63]
89,178,[97]
89,178,[63]
89,177,[97]
89,177,[63]
89,176,[97]
89,176,[63]
89,175,[97]
89,175,[63]
90,206,[54]
90,205,[54]
90,204,[54]
90,203,[54]
90,202,[54]
90,201,[54]
90,200,[54]
90,200,[83]
90,199,[54]
90,199,[83]
90,198,[83]
90,197,[83]
90,196,[83]
90,195,[83]
90,194,[83]
90,193,[83]
90,192,[83]
90,191,[83]
90,190,[83]
90,190,[63]
90,189,[63]
90,188,[63]
90,187,[63]
90,186,[63]
90,185,[63]
90,184,[63]
90,183,[87]
90,183,[63]
90,182,[87]
90,182,[63]
90,181,[63]
90,180,[63]
90,179,[63]
90,178,[63]
90,178,[76]
90,177,[63]
90,177,[76]
90,176,[63]
90,176,[76]
90,175,[63]
90,175,[76]
91,206,[54]
91,205,[54]
91,204,[54]
91,203,[54]
91,202,[54]
91,201,[54]
91,201,[83]
91,200,[54]
91,200,[83]
91,199,[83]
91,198,[83]
91,197,[83]
91,196,[83]
91,195,[83]
91,194,[83]
91,193,[83]
91,192,[83]
91,191,[83]
91,190,[83]
91,190,[63]
91,189,[63]
91,188,[63]
91,187,[63]
91,186,[63]
91,185,[63]
91,184,[63]
91,183,[63]
91,182,[63]
91,181,[63]
91,180,[63]
91,179,[63]
91,179,[76]
91,178,[63]
91,178,[76]
91,177,[76]
91,176,[76]
91,175,[76]
92,207,[53]
92,206,[54]
92,206,[53]
92,205,[54]
92,205,[53]
92,204,[54]
92,203,[54]
92,202,[54]
92,202,[83]
92,202,[53]
92,201,[54]
92,201,[83]
92,201,[53]
92,200,[83]
92,200,[53]
92,199,[83]
92,198,[83]
92,197,[83]
92,196,[83]
92,195,[83]
92,194,[83]
92,193,[83]
92,192,[83]
92,191,[83]
92,190,[83]
92,190,[63]
92,189,[63]
92,188,[63]
92,187,[63]
92,186,[63]
92,185,[63]
92,184,[63]
92,183,[63]
92,182,[63]
92,181,[63]
92,180,[63]
92,180,[76]
92,179,[63]
92,179,[76]
92,178,[76]
92,177,[76]
92,176,[76]
92,175,[76]
93,207,[53]
93,206,[54]
93,206,[53]
93,205,[54]
93,205,[53]
93,204,[54]
93,204,[53]
93,203,[54]
93,203,[53]
93,202,[54]
93,202,[83]
93,202,[53]
93,201,[83]
93,201,[53]
93,200,[83]
93,200,[53]
93,199,[83]
93,199,[53]
93,199,[94]
93,198,[83]
93,198,[94]
93,197,[83]
93,197,[94]
93,196,[83]
93,196,[94]
93,195,[83]
93,195,[94]
93,194,[83]
93,194,[94]
93,193,[83]
93,193,[94]
93,192,[83]
93,192,[94]
93,191,[83]
93,191,[94]
93,190,[83]
93,190,[63]
93,190,[94]
93,189,[63]
93,188,[63]
93,187,[63]
93,186,[63]
93,185,[63]
93,184,[63]
93,183,[63]
93,183,[76]
93,182,[63]
93,182,[76]
93,181,[63]
93,181,[76]
93,180,[63]
93,180,[76]
93,179,[76]
93,178,[76]
93,177,[76]
93,176,[76]
93,175,[76]
94,207,[53]
94,206,[53]
94,205,[53]
94,204,[53]
94,203,[53]
94,202,[53]
94,201,[53]
94,200,[53]
94,199,[53]
94,199,[94]
94,198,[94]
94,197,[94]
94,196,[94]
94,195,[94]
94,194,[94]
94,193,[94]
94,192,[94]
94,191,[94]
94,190,[63]
94,190,[94]
94,189,[63]
94,188,[63]
94,187,[63]
94,186,[63]
94,185,[63]
94,184,[63]
94,184,[76]
94,183,[63]
94,183,[76]
94,182,[63]
94,182,[76]
94,181,[76]
94,180,[76]
94,179,[76]
94,178,[76]
94,177,[76]
94,176,[76]
94,175,[76]
95,208,[53]
95,207,[53]
95,206,[53]
95,205,[53]
95,204,[53]
95,203,[53]
95,202,[53]
95,201,[53]
95,200,[53]
95,199,[53]
95,199,[94]
95,198,[94]
95,197,[94]
95,196,[94]
95,195,[94]
95,194,[94]
95,193,[94]
95,192,[94]
95,191,[94]
95,190,[63]
95,190,[94]
95,189,[63]
95,188,[63]
95,187,[63]
95,186,[63]
95,185,[63]
95,185,[76]
95,184,[63]
95,184,[76]
95,183,[76]
95,182,[76]
95,181,[76]
95,180,[76]
95,179,[76]
95,178,[76]
95,177,[76]
95,176,[76]
95,175,[76]
96,208,[53]
96,207,[53]
96,206,[53]
96,205,[53]
96,204,[53]
96,203,[53]
96,202,[53]
96,201,[53]
96,200,[53]
96,199,[53]
96,199,[94]
96,198,[94]
96,197,[94]
96,196,[94]
96,195,[94]
96,194,[94]
96,193,[94]
96,192,[94]
96,191,[94]
96,190,[63]
96,190,[94]
96,189,[63]
96,188,[63]
96,187,[63]
96,186,[63]
96,185,[63]
96,185,[76]
96,184,[76]
96,183,[76]
96,182,[76]
96,181,[76]
96,180,[76]
96,179,[76]
96,178,[76]
96,177,[76]
96,176,[76]
96,175,[76]
97,209,[53]
97,208,[53]
97,207,[53]
97,206,[53]
97,205,[53]
97,204,[53]
97,203,[53]
97,202,[53]
97,201,[53]
97,200,[53]
97,199,[53]
97,199,[94]
97,198,[94]
97,197,[94]
97,196,[94]
97,195,[94]
97,194,[94]
97,193,[94]
97,192,[94]
97,191,[94]
97,190,[63]
97,190,[94]
97,189,[63]
97,188,[63]
97,187,[63]
97,186,[63]
97,185,[63]
97,185,[76]
97,184,[63]
97,184,[76]
97,183,[76]
97,182,[76]
97,181,[76]
97,180,[76]
97,179,[76]
97,178,[76]
97,177,[76]
97,176,[76]
97,175,[76]
98,209,[53]
98,208,[53]
98,207,[53]
98,206,[53]
98,205,[53]
98,204,[53]
98,203,[53]
98,202,[53]
98,201,[53]
98,200,[53]
98,199,[53]
98,199,[94]
98,198,[94]
98,197,[94]
98,196,[94]
98,195,[94]
98,194,[94]
98,193,[94]
98,192,[94]
98,191,[94]
98,191,[100]
98,190,[63]
98,190,[94]
98,190,[100]
98,189,[63]
98,189,[100]
98,188,[63]
98,188,[100]
98,187,[63]
98,187,[100]
98,186,[63]
98,186,[100]
98,185,[63]
98,185,[76]
98,185,[100]
98,184,[76]
98,184,[100]
98,183,[76]
98,182,[76]
98,181,[76]
98,180,[76]
98,179,[76]
98,178,[76]
98,177,[76]
98,176,[76]
98,175,[76]
99,209,[53]
99,208,[53]
99,207,[53]
99,206,[53]
99,205,[53]
99,204,[53]
99,203,[53]
99,202,[53]
99,201,[53]
99,200,[53]
99,199,[53]
99,199,[94]
99,198,[94]
99,197,[94]
99,196,[94]
99,195,[94]
99,194,[94]
99,193,[94]
99,192,[94]
99,191,[94]
99,191,[100]
99,190,[100]
99,189,[100]
99,188,[100]
99,187,[100]
99,186,[100]
99,185,[100]
99,184,[76]
99,184,[100]
99,183,[76]
99,182,[76]
99,181,[76]
99,180,[76]
99,179,[76]
99,178,[76]
99,177,[76]
99,176,[76]
99,175,[76]
100,209,[53]
100,209,[82]
100,208,[53]
100,208,[82]
100,207,[53]
100,207,[82]
100,206,[53]
100,206,[82]
100,205,[53]
100,205,[82]
100,204,[53]
100,204,[82]
100,203,[53]
100,203,[82]
100,202,[53]
100,202,[82]
100,201,[53]
100,201,[82]
100,200,[53]
100,200,[82]
100,199,[53]
100,199,[94]
100,199,[82]
100,199,[55]
100,198,[94]
100,198,[55]
100,197,[94]
100,197,[55]
100,196,[94]
100,196,[55]
100,195,[94]
100,195,[55]
100,194,[94]
100,194,[55]
100,193,[94]
100,193,[55]
100,192,[94]
100,192,[55]
100,191,[94]
100,191,[100]
100,191,[55]
100,190,[100]
100,189,[100]
100,188,[100]
100,187,[100]
100,186,[100]
100,185,[100]
100,184,[76]
100,184,[100]
100,183,[76]
100,182,[76]
100,181,[76]
100,180,[76]
100,179,[76]
100,178,[76]
100,177,[76]
100,176,[76]
100,175,[76]
101,209,[82]
101,208,[82]
101,207,[82]
101,206,[82]
101,205,[82]
101,204,[82]
101,203,[82]
101,202,[82]
101,201,[82]
101,200,[82]
101,199,[82]
101,199,[55]
101,198,[55]
101,197,[55]
101,196,[55]
101,195,[55]
101,194,[55]
101,193,[55]
101,192,[55]
101,191,[100]
101,191,[55]
101,190,[100]
101,189,[100]
101,188,[100]
101,187,[100]
101,186,[100]
101,185,[100]
101,184,[76]
101,184,[100]
101,183,[76]
101,182,[76]
101,181,[76]
101,180,[76]
101,179,[76]
101,178,[76]
101,177,[76]
101,176,[76]
101,175,[76]
102,209,[82]
102,208,[82]
102,207,[82]
102,206,[82]
102,205,[82]
102,204,[82]
102,203,[82]
102,202,[82]
102,201,[82]
102,200,[82]
102,199,[82]
102,199,[55]
102,198,[55]
102,197,[55]
102,196,[55]
102,195,[55]
102,194,[55]
102,193,[55]
102,192,[55]
102,191,[100]
102,191,[55]
102,190,[100]
102,189,[100]
102,188,[100]
102,187,[100]
102,186,[100]
102,185,[100]
102,184,[76]
102,184,[100]
102,183,[76]
102,182,[76]
102,181,[76]
102,180,[76]
102,179,[76]
102,178,[76]
102,177,[76]
102,176,[76]
102,175,[76]
103,208,[82]
103,207,[82]
103,206,[82]
103,205,[82]
103,204,[82]
103,203,[82]
103,202,[82]
103,201,[82]
103,200,[82]
103,199,[82]
103,199,[55]
103,198,[55]
103,197,[55]
103,196,[55]
103,195,[55]
103,194,[55]
103,193,[55]
103,192,[55]
103,191,[100]
103,191,[55]
103,190,[100]
103,189,[100]
103,188,[100]
103,187,[100]
103,186,[100]
103,185,[100]
103,184,[76]
103,184,[100]
103,183,[76]
103,182,[76]
103,181,[76]
103,180,[76]
103,179,[76]
103,178,[76]
103,177,[76]
103,176,[76]
103,175,[76]
104,208,[82]
104,208,[93]
104,207,[82]
104,207,[93]
104,206,[82]
104,205,[82]
104,204,[82]
104,203,[82]
104,202,[82]
104,201,[82]
104,200,[82]
104,199,[82]
104,199,[55]
104,198,[55]
104,197,[55]
104,196,[55]
104,195,[55]
104,194,[55]
104,193,[55]
104,192,[55]
104,191,[100]
104,191,[55]
104,190,[100]
104,189,[100]
104,188,[100]
104,187,[100]
104,186,[100]
104,185,[100]
104,184,[76]
104,184,[100]
104,183,[76]
104,182,[76]
104,181,[76]
104,180,[76]
104,179,[76]
104,178,[76]
104,177,[76]
104,176,[76]
104,175,[76]
105,209,[93]
105,208,[93]
105,207,[82]
105,207,[93]
105,206,[82]
105,205,[82]
105,204,[82]
105,203,[82]
105,202,[82]
105,201,[82]
105,200,[82]
105,199,[82]
105,199,[55]
105,198,[55]
105,197,[55]
105,196,[55]
105,195,[55]
105,194,[55]
105,193,[55]
105,192,[55]
105,191,[100]
105,191,[55]
105,190,[100]
105,189,[100]
105,188,[100]
105,187,[100]
105,186,[100]
105,185,[100]
105,184,[76]
105,184,[100]
105,183,[76]
105,182,[76]
105,181,[76]
105,180,[76]
105,179,[76]
105,178,[76]
105,177,[76]
105,176,[76]
105,175,[76]
106,210,[93]
106,209,[93]
106,208,[93]
106,207,[82]
106,207,[93]
106,206,[82]
106,205,[82]
106,204,[82]
106,203,[82]
106,202,[82]
106,201,[82]
106,200,[82]
106,199,[82]
106,199,[55]
106,198,[55]
106,197,[55]
106,196,[55]
106,195,[55]
106,194,[55]
106,193,[55]
106,192,[55]
106,191,[100]
106,191,[55]
106,190,[100]
106,189,[100]
106,188,[100]
106,187,[100]
106,186,[100]
106,185,[100]
106,184,[76]
106,184,[100]
106,183,[76]
106,182,[76]
106,181,[76]
106,180,[76]
106,179,[76]
106,178,[76]
106,177,[76]
106,176,[76]
106,175,[76]
107,212,[93]
107,211,[93]
107,210,[93]
107,209,[93]
107,208,[93]
107,207,[82]
107,207,[93]
107,206,[82]
107,205,[82]
107,204,[82]
107,203,[82]
107,202,[82]
107,201,[82]
107,200,[82]
107,199,[82]
107,199,[55]
107,198,[55]
107,197,[55]
107,196,[55]
107,195,[55]
107,194,[55]
107,193,[55]
107,192,[55]
107,191,[100]
107,191,[55]
107,190,[100]
107,189,[100]
107,188,[100]
107,187,[100]
107,186,[100]
107,185,[100]
107,184,[76]
107,184,[100]
107,183,[76]
107,182,[76]
107,181,[76]
107,180,[76]
107,179,[76]
107,178,[76]
107,177,[76]
107,176,[76]
107,175,[76]
108,212,[93]
108,211,[93]
108,210,[93]
108,209,[93]
108,208,[93]
108,207,[82]
108,207,[93]
108,206,[82]
108,205,[82]
108,204,[82]
108,203,[82]
108,202,[82]
108,201,[82]
108,200,[82]
108,199,[82]
108,199,[55]
108,198,[55]
108,197,[55]
108,196,[55]
108,195,[55]
108,194,[55]
108,193,[55]
108,192,[55]
108,191,[100]
108,191,[55]
108,191,[79]
108,190,[100]
108,190,[79]
108,189,[100]
108,189,[79]
108,188,[100]
108,188,[91]
108,188,[79]
108,187,[100]
108,187,[91]
108,186,[100]
108,186,[91]
108,185,[100]
108,185,[91]
108,184,[76]
108,184,[100]
108,184,[91]
108,183,[76]
108,183,[91]
108,182,[76]
108,182,[91]
108,182,[78]
108,181,[76]
108,181,[78]
108,180,[76]
108,180,[78]
108,179,[76]
108,179,[78]
108,178,[76]
108,178,[78]
108,177,[76]
108,177,[78]
108,176,[76]
108,176,[78]
108,175,[76]
108,175,[78]
109,212,[93]
109,211,[93]
109,210,[93]
109,209,[93]
109,208,[93]
109,207,[82]
109,207,[93]
109,206,[82]
109,206,[93]
109,205,[82]
109,205,[93]
109,204,[82]
109,204,[93]
109,203,[82]
109,203,[93]
109,202,[82]
109,202,[93]
109,201,[82]
109,201,[93]
109,200,[82]
109,200,[93]
109,200,[86]
109,199,[82]
109,199,[55]
109,199,[86]
109,198,[55]
109,197,[55]
109,196,[55]
109,195,[55]
109,194,[55]
109,193,[55]
109,192,[55]
109,191,[55]
109,191,[79]
109,190,[79]
109,189,[79]
109,188,[91]
109,188,[79]
109,187,[91]
109,186,[91]
109,185,[91]
109,184,[91]
109,183,[91]
109,182,[91]
109,182,[78]
109,181,[78]
109,180,[78]
109,179,[78]
109,178,[78]
109,177,[78]
109,176,[78]
109,175,[78]
110,211,[93]
110,210,[93]
110,209,[93]
110,208,[93]
110,207,[93]
110,206,[93]
110,205,[93]
110,204,[93]
110,203,[93]
110,202,[93]
110,201,[93]
110,200,[93]
110,200,[86]
110,199,[55]
110,199,[86]
110,199,[66]
110,198,[55]
110,198,[66]
110,197,[55]
110,197,[66]
110,196,[55]
110,196,[66]
110,195,[55]
110,195,[66]
110,194,[55]
110,194,[66]
110,193,[55]
110,193,[79]
110,193,[66]
110,192,[55]
110,192,[79]
110,191,[55]
110,191,[79]
110,190,[79]
110,189,[79]
110,188,[91]
110,188,[79]
110,187,[91]
110,186,[91]
110,185,[91]
110,184,[91]
110,183,[91]
110,182,[91]
110,182,[78]
110,181,[78]
110,180,[78]
110,179,[78]
110,178,[78]
110,177,[78]
110,176,[78]
110,175,[78]
111,211,[93]
111,210,[93]
111,209,[93]
111,208,[93]
111,207,[93]
111,206,[93]
111,205,[93]
111,204,[93]
111,203,[93]
111,202,[93]
111,201,[93]
111,200,[93]
111,200,[86]
111,199,[86]
111,199,[66]
111,198,[66]
111,197,[66]
111,196,[66]
111,195,[66]
111,194,[66]
111,193,[79]
111,193,[66]
111,192,[79]
111,191,[79]
111,190,[79]
111,189,[79]
111,188,[91]
111,188,[79]
111,187,[91]
111,186,[91]
111,185,[91]
111,184,[91]
111,183,[91]
111,182,[91]
111,182,[78]
111,181,[78]
111,180,[78]
111,179,[78]
111,178,[78]
111,177,[78]
111,176,[78]
111,175,[78]
112,213,[93]
112,212,[93]
112,211,[93]
112,210,[93]
112,209,[93]
112,208,[93]
112,207,[93]
112,206,[93]
112,205,[93]
112,204,[93]
112,203,[93]
112,202,[93]
112,201,[93]
112,200,[93]
112,200,[86]
112,199,[86]
112,199,[66]
112,198,[66]
112,197,[66]
112,196,[66]
112,195,[66]
112,194,[66]
112,193,[79]
112,193,[66]
112,192,[79]
112,191,[79]
112,190,[79]
112,189,[79]
112,188,[91]
112,188,[79]
112,187,[91]
112,186,[91]
112,185,[91]
112,184,[91]
112,183,[91]
112,182,[91]
112,182,[78]
112,181,[78]
112,180,[78]
112,179,[78]
112,178,[78]
112,177,[78]
112,176,[78]
112,175,[78]
113,214,[93]
113,213,[93]
113,212,[93]
113,211,[93]
113,210,[93]
113,209,[93]
113,208,[93]
113,207,[93]
113,206,[93]
113,205,[93]
113,204,[93]
113,203,[93]
113,203,[86]
113,202,[93]
113,202,[86]
113,201,[93]
113,201,[86]
113,200,[93]
113,200,[86]
113,199,[86]
113,199,[66]
113,198,[66]
113,197,[66]
113,196,[66]
113,195,[66]
113,194,[66]
113,193,[79]
113,193,[66]
113,192,[79]
113,191,[79]
113,190,[79]
113,189,[79]
113,188,[91]
113,188,[79]
113,187,[91]
113,186,[91]
113,185,[91]
113,184,[91]
113,183,[91]
113,182,[91]
113,182,[78]
113,181,[78]
113,180,[78]
113,179,[78]
113,178,[78]
113,177,[78]
113,176,[78]
113,175,[78]
114,216,[93]
114,215,[93]
114,214,[93]
114,213,[93]
114,212,[93]
114,211,[93]
114,210,[93]
114,209,[93]
114,208,[93]
114,207,[93]
114,206,[93]
114,205,[93]
114,204,[93]
114,204,[86]
114,203,[93]
114,203,[86]
114,202,[86]
114,201,[86]
114,200,[86]
114,199,[86]
114,199,[66]
114,198,[66]
114,197,[66]
114,196,[66]
114,195,[66]
114,194,[66]
114,193,[79]
114,193,[66]
114,192,[79]
114,191,[79]
114,190,[79]
114,189,[79]
114,188,[91]
114,188,[79]
114,187,[91]
114,186,[91]
114,185,[91]
114,184,[91]
114,183,[91]
114,182,[91]
114,182,[78]
114,181,[78]
114,180,[78]
114,179,[78]
114,178,[78]
114,177,[78]
114,176,[78]
114,175,[78]
115,217,[93]
115,216,[93]
115,215,[93]
115,214,[93]
115,213,[93]
115,212,[93]
115,211,[93]
115,210,[93]
115,209,[93]
115,208,[93]
115,207,[93]
115,206,[93]
115,205,[93]
115,204,[93]
115,204,[86]
115,203,[86]
115,202,[86]
115,201,[86]
115,200,[86]
115,199,[86]
115,199,[66]
115,198,[66]
115,197,[66]
115,196,[66]
115,195,[66]
115,194,[66]
115,193,[79]
115,193,[66]
115,192,[79]
115,191,[79]
115,190,[79]
115,189,[79]
115,188,[91]
115,188,[79]
115,187,[91]
115,186,[91]
115,185,[91]
115,184,[91]
115,183,[91]
115,182,[91]
115,182,[78]
115,181,[78]
115,180,[78]
115,179,[78]
115,178,[78]
115,177,[78]
115,176,[78]
115,175,[78]
116,217,[93]
116,216,[93]
116,215,[93]
116,214,[93]
116,213,[93]
116,212,[93]
116,211,[93]
116,210,[93]
116,209,[93]
116,208,[93]
116,207,[93]
116,206,[93]
116,205,[93]
116,204,[93]
116,204,[86]
116,203,[86]
116,202,[86]
116,201,[86]
116,200,[86]
116,199,[86]
116,199,[66]
116,198,[66]
116,197,[66]
116,196,[66]
116,195,[66]
116,194,[66]
116,193,[79]
116,193,[66]
116,192,[79]
116,191,[79]
116,190,[79]
116,189,[79]
116,188,[91]
116,188,[79]
116,187,[91]
116,186,[91]
116,185,[91]
116,184,[91]
116,183,[91]
116,182,[91]
116,182,[78]
116,181,[78]
116,180,[78]
116,179,[78]
116,178,[78]
116,177,[78]
116,176,[78]
116,175,[78]
117,217,[93]
117,216,[93]
117,215,[93]
117,214,[93]
117,213,[93]
117,212,[93]
117,211,[93]
117,210,[93]
117,209,[93]
117,208,[93]
117,207,[93]
117,206,[93]
117,205,[93]
117,204,[93]
117,204,[86]
117,203,[86]
117,202,[86]
117,201,[86]
117,200,[86]
117,199,[86]
117,199,[66]
117,198,[66]
117,197,[66]
117,196,[66]
117,195,[66]
117,194,[66]
117,193,[79]
117,193,[66]
117,192,[79]
117,191,[79]
117,190,[79]
117,189,[79]
117,188,[91]
117,188,[79]
117,187,[91]
117,186,[91]
117,185,[91]
117,184,[91]
117,183,[91]
117,182,[91]
117,182,[78]
117,181,[78]
117,180,[78]
117,179,[78]
117,178,[78]
117,178,[73]
117,177,[78]
117,177,[73]
117,176,[78]
117,176,[73]
117,175,[78]
117,175,[73]
118,214,[93]
118,213,[93]
118,212,[93]
118,211,[93]
118,210,[93]
118,209,[93]
118,208,[93]
118,207,[93]
118,206,[93]
118,205,[93]
118,205,[86]
118,204,[93]
118,204,[86]
118,203,[86]
118,202,[86]
118,201,[86]
118,200,[86]
118,199,[86]
118,199,[66]
118,198,[66]
118,197,[66]
118,196,[66]
118,195,[66]
118,194,[66]
118,193,[79]
118,193,[66]
118,192,[79]
118,191,[79]
118,190,[79]
118,189,[91]
118,189,[79]
118,189,[62]
118,188,[91]
118,188,[79]
118,188,[62]
118,187,[91]
118,187,[73]
118,187,[62]
118,186,[91]
118,186,[73]
118,185,[91]
118,185,[73]
118,184,[91]
118,184,[73]
118,183,[91]
118,183,[73]
118,182,[91]
118,182,[78]
118,182,[73]
118,181,[78]
118,181,[73]
118,180,[78]
118,180,[73]
118,179,[78]
118,179,[73]
118,178,[78]
118,178,[73]
118,177,[73]
118,176,[73]
118,175,[73]
119,213,[93]
119,212,[93]
119,211,[93]
119,210,[93]
119,209,[93]
119,208,[93]
119,207,[93]
119,206,[93]
119,205,[93]
119,205,[86]
119,204,[93]
119,204,[86]
119,203,[86]
119,202,[86]
119,201,[86]
119,200,[86]
119,199,[86]
119,199,[66]
119,198,[66]
119,197,[66]
119,196,[66]
119,195,[66]
119,194,[66]
119,193,[79]
119,193,[66]
119,193,[74]
119,192,[79]
119,192,[62]
119,192,[74]
119,191,[79]
119,191,[62]
119,190,[79]
119,190,[62]
119,189,[79]
119,189,[62]
119,188,[62]
119,187,[73]
119,187,[62]
119,186,[73]
119,185,[73]
119,184,[73]
119,183,[73]
119,182,[73]
119,181,[73]
119,180,[73]
119,179,[73]
119,178,[73]
119,177,[73]
119,176,[73]
119,175,[73]
120,213,[93]
120,212,[93]
120,211,[93]
120,210,[93]
120,209,[93]
120,208,[93]
120,207,[93]
120,206,[93]
120,205,[93]
120,204,[93]
120,204,[86]
120,203,[86]
120,202,[86]
120,201,[86]
120,200,[86]
120,199,[86]
120,199,[66]
120,198,[66]
120,197,[66]
120,196,[66]
120,195,[66]
120,194,[66]
120,194,[74]
120,193,[79]
120,193,[66]
120,193,[74]
120,192,[62]
120,192,[74]
120,191,[62]
120,190,[62]
120,189,[62]
120,188,[62]
120,187,[73]
120,187,[62]
120,186,[73]
120,185,[73]
120,184,[73]
120,183,[73]
120,182,[73]
120,181,[73]
120,180,[73]
120,179,[73]
120,178,[73]
120,177,[73]
120,176,[73]
120,175,[73]
121,212,[93]
121,211,[93]
121,210,[93]
121,209,[93]
121,208,[93]
121,207,[93]
121,206,[93]
121,205,[93]
121,205,[86]
121,205,[52]
121,204,[93]
121,204,[86]
121,204,[52]
121,203,[86]
121,203,[52]
121,202,[86]
121,202,[52]
121,201,[86]
121,201,[52]
121,200,[86]
121,200,[74]
121,200,[52]
121,199,[86]
121,199,[66]
121,199,[74]
121,198,[66]
121,198,[74]
121,197,[66]
121,197,[74]
121,196,[66]
121,196,[74]
121,195,[66]
121,195,[74]
121,194,[66]
121,194,[74]
121,193,[74]
121,192,[62]
121,192,[74]
121,191,[62]
121,190,[62]
121,189,[62]
121,188,[62]
121,187,[73]
121,187,[62]
121,186,[73]
121,185,[73]
121,184,[73]
121,183,[73]
121,182,[73]
121,181,[73]
121,180,[73]
121,179,[73]
121,178,[73]
121,177,[73]
121,176,[73]
121,175,[73]
122,211,[93]
122,211,[68]
122,210,[93]
122,210,[68]
122,209,[93]
122,209,[68]
122,208,[93]
122,208,[68]
122,207,[93]
122,207,[68]
122,206,[93]
122,206,[52]
122,206,[68]
122,205,[93]
122,205,[52]
122,204,[52]
122,203,[52]
122,202,[52]
122,201,[52]
122,200,[74]
122,200,[52]
122,199,[74]
122,198,[74]
122,197,[74]
122,196,[74]
122,195,[74]
122,194,[74]
122,193,[74]
122,192,[62]
122,192,[74]
122,191,[62]
122,190,[62]
122,189,[62]
122,188,[62]
122,187,[73]
122,187,[62]
122,186,[73]
122,185,[73]
122,184,[73]
122,183,[73]
122,182,[73]
122,181,[73]
122,180,[73]
122,179,[73]
122,178,[73]
122,177,[73]
122,176,[73]
123,211,[68]
123,210,[68]
123,209,[68]
123,208,[68]
123,207,[68]
123,206,[52]
123,206,[68]
123,205,[52]
123,204,[52]
123,203,[52]
123,202,[52]
123,201,[52]
123,200,[74]
123,200,[52]
123,199,[74]
123,198,[74]
123,197,[74]
123,196,[74]
123,195,[74]
123,194,[74]
123,193,[74]
123,192,[62]
123,192,[74]
123,191,[62]
123,190,[62]
123,189,[62]
123,188,[62]
123,187,[73]
123,187,[62]
123,186,[73]
123,185,[73]
123,184,[73]
123,183,[73]
123,183,[98]
123,182,[73]
123,182,[98]
123,181,[73]
123,180,[73]
123,179,[73]
123,178,[73]
123,177,[73]
123,176,[73]
124,211,[68]
124,210,[68]
124,209,[68]
124,208,[68]
124,207,[68]
124,206,[52]
124,206,[68]
124,205,[52]
124,204,[52]
124,203,[52]
124,202,[52]
124,201,[52]
124,200,[74]
124,200,[52]
124,199,[74]
124,198,[74]
124,197,[74]
124,196,[74]
124,195,[74]
124,194,[74]
124,193,[74]
124,192,[62]
124,192,[74]
124,191,[62]
124,190,[62]
124,189,[62]
124,188,[62]
124,187,[73]
124,187,[62]
124,186,[73]
124,185,[73]
124,185,[98]
124,184,[73]
124,184,[98]
124,183,[73]
124,183,[98]
124,182,[73]
124,182,[98]
124,181,[73]
124,181,[98]
124,180,[73]
124,180,[98]
124,179,[73]
124,178,[73]
124,177,[73]
124,176,[73]
125,212,[68]
125,211,[68]
125,210,[68]
125,209,[68]
125,209,[75]
125,208,[68]
125,208,[75]
125,207,[68]
125,206,[52]
125,206,[68]
125,205,[52]
125,204,[52]
125,203,[52]
125,202,[52]
125,201,[52]
125,200,[74]
125,200,[52]
125,199,[74]
125,198,[74]
125,197,[74]
125,196,[74]
125,195,[74]
125,194,[74]
125,194,[64]
125,193,[62]
125,193,[74]
125,193,[64]
125,192,[62]
125,192,[74]
125,191,[62]
125,190,[62]
125,189,[62]
125,188,[62]
125,187,[73]
125,187,[62]
125,186,[73]
125,186,[98]
125,185,[73]
125,185,[98]
125,184,[98]
125,183,[98]
125,182,[98]
125,181,[98]
125,180,[73]
125,180,[98]
125,179,[73]
125,178,[73]
125,177,[73]
126,212,[68]
126,211,[68]
126,210,[68]
126,209,[68]
126,209,[75]
126,208,[68]
126,208,[75]
126,207,[68]
126,207,[75]
126,206,[52]
126,206,[68]
126,206,[75]
126,205,[52]
126,205,[75]
126,204,[52]
126,204,[75]
126,203,[52]
126,203,[75]
126,202,[52]
126,201,[52]
126,200,[74]
126,200,[52]
126,199,[74]
126,198,[74]
126,197,[74]
126,196,[74]
126,195,[74]
126,195,[64]
126,194,[74]
126,194,[64]
126,193,[62]
126,193,[64]
126,192,[62]
126,192,[64]
126,191,[62]
126,191,[64]
126,190,[62]
126,189,[62]
126,188,[62]
126,188,[98]
126,187,[73]
126,187,[62]
126,187,[98]
126,186,[73]
126,186,[98]
126,185,[98]
126,184,[98]
126,183,[98]
126,182,[98]
126,181,[98]
126,180,[98]
126,179,[73]
126,178,[73]
126,177,[73]
127,212,[68]
127,211,[68]
127,210,[68]
127,209,[68]
127,209,[75]
127,208,[75]
127,207,[75]
127,206,[75]
127,205,[75]
127,204,[75]
127,203,[52]
127,203,[75]
127,202,[52]
127,202,[75]
127,202,[92]
127,201,[74]
127,201,[52]
127,201,[92]
127,200,[74]
127,200,[52]
127,199,[74]
127,198,[74]
127,197,[74]
127,197,[64]
127,196,[74]
127,196,[64]
127,195,[74]
127,195,[64]
127,194,[64]
127,193,[64]
127,192,[64]
127,191,[62]
127,191,[64]
127,190,[62]
127,190,[64]
127,189,[62]
127,189,[98]
127,189,[64]
127,188,[62]
127,188,[98]
127,187,[98]
127,186,[98]
127,185,[98]
127,184,[98]
127,183,[98]
127,182,[98]
127,181,[98]
127,181,[72]
127,180,[98]
127,180,[72]
127,179,[98]
127,178,[73]
127,177,[73]
128,212,[68]
128,211,[68]
128,210,[68]
128,210,[75]
128,209,[68]
128,209,[75]
128,208,[75]
128,207,[75]
128,206,[75]
128,205,[75]
128,204,[75]
128,203,[75]
128,202,[75]
128,202,[92]
128,201,[74]
128,201,[52]
128,201,[92]
128,200,[74]
128,200,[92]
128,200,[67]
128,199,[74]
128,199,[64]
128,199,[67]
128,198,[74]
128,198,[64]
128,197,[74]
128,197,[64]
128,196,[64]
128,195,[64]
128,194,[64]
128,193,[64]
128,192,[64]
128,191,[64]
128,190,[64]
128,189,[98]
128,189,[64]
128,188,[98]
128,187,[98]
128,186,[98]
128,185,[98]
128,184,[98]
128,183,[98]
128,182,[98]
128,181,[98]
128,181,[72]
128,180,[72]
128,178,[73]
128,177,[73]
129,212,[68]
129,211,[68]
129,210,[68]
129,210,[75]
129,209,[75]
129,208,[75]
129,207,[75]
129,206,[75]
129,205,[75]
129,204,[75]
129,203,[75]
129,202,[75]
129,202,[92]
129,201,[92]
129,200,[74]
129,200,[92]
129,200,[67]
129,199,[74]
129,199,[64]
129,199,[67]
129,198,[64]
129,198,[67]
129,197,[64]
129,196,[64]
129,195,[64]
129,194,[64]
129,193,[64]
129,192,[64]
129,191,[64]
129,190,[64]
129,189,[98]
129,189,[64]
129,188,[98]
129,187,[98]
129,186,[98]
129,185,[98]
129,184,[98]
129,183,[98]
129,182,[98]
129,182,[72]
129,181,[98]
129,181,[72]
129,180,[72]
129,179,[72]
129,178,[72]
129,177,[72]
130,210,[75]
130,210,[51]
130,209,[75]
130,209,[51]
130,208,[75]
130,208,[51]
130,207,[75]
130,207,[51]
130,206,[75]
130,206,[51]
130,205,[75]
130,205,[51]
130,204,[75]
130,204,[51]
130,203,[75]
130,203,[51]
130,202,[75]
130,202,[92]
130,202,[51]
130,201,[92]
130,200,[92]
130,200,[67]
130,199,[64]
130,199,[92]
130,199,[67]
130,198,[64]
130,198,[67]
130,197,[64]
130,197,[67]
130,197,[65]
130,196,[64]
130,196,[65]
130,195,[64]
130,194,[64]
130,193,[64]
130,192,[64]
130,191,[64]
130,190,[64]
130,189,[98]
130,189,[64]
130,188,[98]
130,187,[98]
130,186,[98]
130,185,[98]
130,184,[98]
130,183,[98]
130,182,[98]
130,182,[72]
130,181,[72]
130,180,[72]
130,179,[72]
130,177,[72]
131,210,[51]
131,210,[59]
131,209,[51]
131,209,[59]
131,208,[51]
131,207,[51]
131,206,[51]
131,205,[51]
131,204,[51]
131,203,[51]
131,202,[92]
131,202,[51]
131,201,[92]
131,200,[92]
131,199,[92]
131,199,[67]
131,198,[67]
131,197,[67]
131,197,[65]
131,196,[64]
131,196,[65]
131,195,[64]
131,195,[65]
131,194,[64]
131,194,[65]
131,193,[64]
131,193,[65]
131,192,[64]
131,192,[65]
131,191,[64]
131,191,[65]
131,190,[64]
131,190,[65]
131,189,[98]
131,189,[64]
131,188,[98]
131,187,[98]
131,186,[98]
131,185,[98]
131,184,[98]
131,183,[98]
131,183,[72]
131,182,[98]
131,182,[72]
131,181,[72]
131,180,[72]
131,179,[72]
132,210,[59]
132,209,[51]
132,209,[59]
132,208,[51]
132,207,[51]
132,206,[51]
132,205,[51]
132,204,[51]
132,203,[51]
132,202,[92]
132,202,[51]
132,201,[92]
132,200,[92]
132,199,[92]
132,199,[67]
132,198,[67]
132,197,[67]
132,197,[65]
132,196,[65]
132,195,[65]
132,194,[65]
132,193,[65]
132,192,[65]
132,191,[65]
132,190,[72]
132,190,[65]
132,189,[72]
132,187,[72]
132,186,[72]
132,185,[72]
132,184,[98]
132,183,[98]
132,182,[72]
132,181,[72]
133,210,[59]
133,209,[51]
133,209,[59]
133,208,[51]
133,207,[51]
133,206,[51]
133,205,[51]
133,204,[51]
133,203,[51]
133,202,[92]
133,202,[51]
133,201,[92]
133,200,[92]
133,199,[92]
133,199,[67]
133,198,[67]
133,197,[67]
133,197,[65]
133,196,[67]
133,196,[65]
133,195,[65]
133,194,[65]
133,193,[65]
133,192,[65]
133,191,[65]
133,190,[72]
133,190,[65]
133,189,[72]
133,188,[72]
133,187,[72]
133,186,[72]
133,185,[72]
133,184,[72]
133,183,[72]
133,182,[72]
133,181,[72]
133,180,[72]
134,211,[59]
134,210,[59]
134,209,[51]
134,209,[59]
134,209,[60]
134,208,[51]
134,208,[60]
134,207,[51]
134,207,[60]
134,206,[51]
134,206,[60]
134,205,[51]
134,205,[60]
134,204,[51]
134,204,[60]
134,203,[51]
134,203,[60]
134,202,[92]
134,202,[51]
134,202,[60]
134,201,[92]
134,200,[92]
134,199,[92]
134,199,[67]
134,198,[67]
134,197,[67]
134,196,[67]
134,196,[65]
134,195,[65]
134,194,[65]
134,193,[65]
134,192,[65]
134,191,[65]
134,190,[72]
134,190,[65]
134,189,[72]
134,188,[72]
134,187,[72]
134,186,[72]
134,185,[72]
134,184,[72]
134,183,[72]
134,182,[72]
134,181,[72]
134,180,[72]
135,211,[59]
135,210,[59]
135,210,[60]
135,209,[51]
135,209,[59]
135,209,[60]
135,208,[51]
135,208,[60]
135,207,[51]
135,207,[60]
135,206,[51]
135,206,[60]
135,205,[60]
135,204,[60]
135,203,[60]
135,202,[92]
135,202,[60]
135,201,[92]
135,200,[92]
135,199,[92]
135,199,[67]
135,198,[67]
135,197,[67]
135,196,[67]
135,196,[65]
135,195,[67]
135,195,[65]
135,195,[85]
135,194,[65]
135,194,[85]
135,193,[65]
135,193,[85]
135,192,[65]
135,192,[85]
135,191,[65]
135,191,[85]
135,190,[72]
135,190,[65]
135,190,[85]
135,189,[72]
135,188,[72]
135,187,[72]
135,186,[72]
135,185,[72]
135,184,[72]
135,183,[72]
135,182,[72]
135,181,[72]
135,180,[72]
136,211,[59]
136,210,[59]
136,210,[60]
136,209,[60]
136,208,[60]
136,207,[60]
136,206,[60]
136,205,[60]
136,204,[60]
136,203,[60]
136,202,[92]
136,202,[60]
136,202,[77]
136,201,[92]
136,201,[77]
136,200,[92]
136,200,[67]
136,199,[92]
136,199,[67]
136,198,[67]
136,197,[67]
136,196,[67]
136,196,[85]
136,195,[67]
136,195,[85]
136,194,[85]
136,193,[85]
136,192,[85]
136,191,[85]
136,190,[72]
136,190,[85]
136,189,[72]
136,188,[72]
136,187,[72]
136,186,[72]
136,185,[72]
136,184,[72]
136,183,[72]
136,182,[72]
136,181,[72]
137,212,[59]
137,211,[59]
137,210,[59]
137,210,[60]
137,209,[60]
137,208,[60]
137,207,[60]
137,206,[60]
137,205,[60]
137,204,[60]
137,203,[60]
137,203,[90]
137,202,[60]
137,202,[77]
137,202,[90]
137,201,[92]
137,201,[77]
137,200,[92]
137,199,[92]
137,199,[67]
137,199,[95]
137,198,[67]
137,197,[67]
137,196,[67]
137,196,[85]
137,195,[85]
137,194,[85]
137,193,[85]
137,192,[85]
137,191,[85]
137,190,[72]
137,190,[85]
137,189,[72]
137,188,[72]
137,187,[72]
137,186,[72]
137,185,[72]
137,184,[72]
137,183,[72]
137,182,[72]
137,181,[72]
138,216,[59]
138,215,[59]
138,214,[59]
138,213,[59]
138,212,[59]
138,211,[59]
138,210,[59]
138,210,[60]
138,209,[60]
138,208,[60]
138,207,[60]
138,206,[60]
138,205,[60]
138,204,[60]
138,204,[90]
138,203,[60]
138,203,[90]
138,202,[77]
138,202,[90]
138,201,[92]
138,201,[77]
138,200,[92]
138,200,[77]
138,199,[92]
138,199,[67]
138,199,[95]
138,198,[67]
138,198,[95]
138,198,[99]
138,197,[67]
138,197,[99]
138,196,[67]
138,196,[85]
138,196,[99]
138,195,[85]
138,194,[85]
138,193,[85]
138,192,[85]
138,191,[85]
138,190,[85]
138,189,[72]
138,188,[72]
138,187,[72]
138,186,[72]
139,219,[59]
139,217,[59]
139,216,[59]
139,215,[59]
139,214,[59]
139,213,[59]
139,212,[59]
139,211,[59]
139,210,[59]
139,210,[60]
139,209,[59]
139,209,[60]
139,208,[60]
139,207,[60]
139,206,[60]
139,206,[90]
139,205,[60]
139,205,[90]
139,204,[60]
139,204,[90]
139,203,[90]
139,202,[77]
139,202,[90]
139,201,[77]
139,200,[92]
139,200,[77]
139,200,[95]
139,199,[92]
139,199,[77]
139,199,[95]
139,198,[67]
139,198,[95]
139,198,[99]
139,197,[99]
139,196,[85]
139,196,[99]
139,195,[85]
139,195,[99]
139,194,[85]
139,193,[85]
139,192,[85]
139,191,[85]
139,190,[85]
140,219,[59]
140,218,[59]
140,217,[59]
140,216,[59]
140,215,[59]
140,214,[59]
140,213,[59]
140,212,[59]
140,211,[59]
140,210,[59]
140,210,[60]
140,209,[60]
140,208,[60]
140,207,[60]
140,207,[90]
140,206,[60]
140,206,[90]
140,205,[90]
140,204,[90]
140,203,[90]
140,202,[77]
140,202,[90]
140,201,[77]
140,200,[77]
140,200,[95]
140,199,[95]
140,198,[95]
140,198,[99]
140,197,[99]
140,196,[99]
140,195,[85]
140,195,[99]
140,194,[85]
140,194,[99]
140,193,[85]
140,192,[85]
140,191,[85]
140,190,[85]
141,219,[59]
141,218,[59]
141,217,[59]
141,216,[59]
141,215,[59]
141,214,[59]
141,213,[59]
141,212,[59]
141,207,[90]
141,206,[90]
141,205,[90]
141,204,[90]
141,203,[77]
141,203,[90]
141,202,[77]
141,202,[90]
141,201,[77]
141,200,[77]
141,200,[95]
141,199,[95]
141,198,[95]
141,198,[99]
141,197,[95]
141,197,[99]
141,196,[99]
141,195,[99]
141,194,[85]
141,194,[99]
141,194,[88]
141,193,[85]
141,193,[99]
141,193,[88]
141,192,[85]
141,192,[99]
141,192,[88]
141,191,[85]
141,191,[88]
141,190,[85]
141,190,[88]
141,189,[88]
142,217,[59]
142,216,[59]
142,215,[59]
142,206,[90]
142,205,[90]
142,204,[90]
142,203,[77]
142,203,[90]
142,202,[77]
142,201,[77]
142,200,[77]
142,200,[95]
142,199,[95]
142,198,[95]
142,197,[95]
142,197,[99]
142,196,[95]
142,196,[99]
142,195,[99]
142,195,[70]
142,194,[99]
142,194,[88]
142,194,[70]
142,193,[88]
142,192,[88]
142,191,[88]
142,190,[88]
142,190,[84]
142,189,[88]
142,189,[84]
143,206,[90]
143,205,[90]
143,204,[77]
143,204,[90]
143,203,[77]
143,203,[90]
143,202,[77]
143,201,[77]
143,200,[77]
143,200,[95]
143,199,[95]
143,198,[95]
143,197,[95]
143,196,[95]
143,196,[99]
143,195,[95]
143,195,[99]
143,195,[70]
143,194,[99]
143,194,[88]
143,194,[70]
143,193,[88]
143,192,[88]
143,191,[88]
143,190,[88]
143,190,[84]
143,189,[84]
143,188,[84]
143,187,[84]
144,204,[77]
144,204,[90]
144,203,[77]
144,202,[77]
144,201,[77]
144,200,[77]
144,200,[95]
144,199,[95]
144,198,[95]
144,197,[95]
144,196,[95]
144,195,[95]
144,195,[99]
144,194,[95]
144,194,[99]
144,194,[88]
144,194,[70]
144,193,[88]
144,192,[88]
144,191,[88]
144,190,[88]
144,190,[84]
144,189,[84]
144,188,[84]
144,187,[84]
145,204,[77]
145,203,[77]
145,202,[77]
145,201,[77]
145,200,[77]
145,200,[95]
145,199,[95]
145,198,[95]
145,197,[95]
145,196,[95]
145,195,[95]
145,195,[99]
145,195,[70]
145,194,[99]
145,194,[88]
145,194,[70]
145,193,[88]
145,192,[88]
145,191,[88]
145,190,[88]
145,190,[84]
145,189,[84]
145,188,[84]
145,187,[84]
146,203,[77]
146,202,[77]
146,201,[77]
146,200,[77]
146,200,[95]
146,199,[95]
146,198,[95]
146,197,[95]
146,197,[70]
146,196,[95]
146,196,[70]
146,196,[57]
146,195,[95]
146,195,[70]
146,195,[57]
146,194,[88]
146,194,[70]
146,193,[88]
146,192,[88]
146,191,[88]
146,190,[88]
146,190,[84]
146,189,[84]
146,188,[84]
146,187,[84]
147,203,[77]
147,202,[77]
147,201,[77]
147,200,[77]
147,200,[95]
147,199,[95]
147,198,[95]
147,197,[95]
147,197,[70]
147,196,[70]
147,195,[70]
147,194,[88]
147,194,[70]
147,193,[88]
147,192,[88]
147,191,[88]
147,190,[88]
147,190,[84]
147,189,[84]
147,188,[84]
147,187,[84]
147,186,[84]
147,185,[84]
148,202,[77]
148,201,[77]
148,200,[77]
148,200,[95]
148,199,[95]
148,198,[95]
148,197,[95]
148,197,[70]
148,196,[70]
148,196,[58]
148,195,[70]
148,195,[58]
148,195,[81]
148,194,[88]
148,194,[70]
148,194,[58]
148,194,[81]
148,193,[88]
148,192,[88]
148,191,[88]
148,190,[88]
148,190,[84]
148,189,[84]
148,188,[84]
148,187,[84]
148,186,[84]
148,185,[84]
148,184,[84]
149,197,[95]
149,197,[70]
149,196,[70]
149,196,[58]
149,195,[58]
149,195,[81]
149,194,[88]
149,194,[81]
149,193,[88]
149,193,[81]
149,192,[88]
149,192,[81]
149,191,[88]
149,191,[84]
149,191,[81]
149,190,[88]
149,190,[84]
149,189,[84]
149,188,[84]
149,187,[84]
149,186,[84]
149,185,[84]
149,184,[84]
150,195,[81]
150,194,[81]
150,193,[81]
150,192,[84]
150,192,[81]
150,191,[84]
150,191,[81]
150,190,[84]
150,189,[84]
150,188,[84]
150,187,[84]
150,186,[84]
150,185,[84]
150,184,[84]
151,192,[84]
151,191,[84]
151,191,[56]
151,190,[84]
151,190,[56]
151,189,[84]
151,189,[56]
151,189,[69]
151,188,[84]
151,188,[69]
151,188,[96]
151,187,[84]
151,187,[96]
151,186,[84]
151,186,[96]
151,185,[84]
151,185,[96]
151,184,[84]
151,184,[96]
152,192,[84]
152,191,[84]
152,191,[56]
152,190,[56]
152,190,[69]
152,189,[56]
152,189,[69]
152,188,[69]
152,188,[96]
152,188,[80]
152,187,[96]
152,187,[80]
152,186,[96]
152,185,[96]
152,184,[96]
153,192,[84]
153,191,[84]
153,191,[56]
153,191,[89]
153,190,[56]
153,190,[69]
153,190,[89]
153,189,[69]
153,188,[69]
153,188,[80]
153,187,[96]
153,187,[80]
153,186,[96]
153,186,[80]
153,185,[96]
153,185,[80]
153,184,[96]
154,191,[69]
154,191,[89]
154,190,[69]
154,190,[89]
154,189,[69]
154,188,[69]
154,188,[80]
154,187,[80]
154,186,[80]
154,185,[96]
154,185,[80]
154,185,[71]
154,184,[96]
154,184,[80]
154,184,[71]
154,183,[80]
154,183,[71]
155,191,[69]
155,190,[69]
155,189,[69]
155,188,[69]
155,188,[80]
155,187,[80]
155,187,[71]
155,186,[80]
155,186,[71]
155,185,[80]
155,185,[71]
155,184,[71]
155,183,[71]
155,182,[71]
156,191,[69]
156,190,[69]
156,189,[69]
156,187,[71]
156,186,[71]
156,185,[71]
156,184,[71]
156,183,[71]
156,182,[71]
156,181,[71]
156,180,[71]
156,179,[71]
157,186,[71]
157,185,[71]
157,184,[71]
157,183,[71]
157,182,[71]
157,181,[71]
157,180,[71]
157,179,[71]
158,185,[71]
158,184,[71]
158,183,[71]
158,182,[71]
158,181,[71]
158,180,[71]
158,179,[71]
159,185,[71]
159,184,[71]
159,183,[71]
159,182,[71]
159,181,[71]
159,180,[71]
159,179,[71]
160,184,[71]
160,183,[71]
160,182,[71]
